ISBN,Titolo,Materia,Listino,EDITORE,Qta tot,Qta non venduti
9788809930087,UN CIELO A COLORI CL. 1-2-3,RELIGIONE,8.19,GIUNTI SCUOLA,,
9788847242463,HELLO WORLD 1,LINGUA INGLESE,4.02,CELTIC PUBLISHING,,
9791220405362,MINIMONDO - CLASSE 1A: CONFEZIONE TUTTO MAIUSCOLO,IL LIBRO DELLA PRIMA CLASSE,13.34,A. MONDADORI SCUOLA,,
9788809919693,ENGLISH BEAT CL. 2,LINGUA INGLESE,6.03,GIUNTI ELT,,
9791220409155,QUA LA ZAMPA! - VOLUME 2,SUSSIDIARIO (1° BIENNIO),18.69,A. MONDADORI SCUOLA,,
9788891573896,PLAY ON! GOLD - CLASSE TERZA,LINGUA INGLESE,8.06,FABBRI SCUOLA,,
9788846843739,FESTA A SORPRESA 3,SUSSIDIARIO (1° BIENNIO),26.71,LA SPIGA,,
9788809930094,UN CIELO A COLORI CL. 4-5,RELIGIONE,8.19,GIUNTI SCUOLA,,
9788883398223,GO KIDS GOLD 4,LINGUA INGLESE,8.06,PEARSON LONGMAN,,
9788847307414,NEL CUORE DEI SAPERI STO-GEO 4,SUSSIDIARIO DELLE DISCIPLINE (AMBITO ANTROPOLOGICO),10.73,CETEM,,
9788847307421,NEL CUORE DEI SAPERI MATE-SCI 4,SUSSIDIARIO DELLE DISCIPLINE (AMBITO SCIENTIFICO),10.73,CETEM,,
9788847307391,NEL CUORE DELLE PAROLE 4,SUSSIDIARIO DEI LINGUAGGI,17.28,CETEM,,
9788851910532,VALLE DEL CEDRO (LA) - 2° CICLO: VOLUME CLASSE 4A + VOLUME CLASSE 5A + VANGELO,RELIGIONE,8.19,PIEMME SCUOLA,,
9788853640031,THE STORY GARDEN PREMIUM 5,LINGUA INGLESE,10.08,ELI,,
9788847239241,SCOPRO STUDIANDO 5 AREA STORIA/GEOGRAFIA,SUSSIDIARIO DELLE DISCIPLINE (AMBITO ANTROPOLOGICO),12.50,RAFFAELLO,,
9788891594815,GEA CLASSE 5 TOMO SCIENTIFICO - SUSSIDIARIO DELLE DISCIPLINE,SUSSIDIARIO DELLE DISCIPLINE (AMBITO SCIENTIFICO),12.50,FABBRI SCUOLA,,
9788846844699,MISSIONE COMPIUTA! PLUS LETTURE 5,SUSSIDIARIO DEI LINGUAGGI,20.96,LA SPIGA,,
9788809971042,INTORNO A NOI CLASSE 4-5,ADOZIONE ALTERNATIVA ART. 156 D.L. 297/94,8.05,GIUNTI SCUOLA,,
9788808573407,NUOVA BIOLOGIA.BLU 2ED. (LA) - LA BIOSFERA E LA CELLULA PLUS (LDM),"SCIENZE NATURALI (BIOLOGIA, CHIMICA, SCIENZE DELLA TERRA)",24.50,ZANICHELLI EDITORE,,
9788808976345,ITINERARIO NELL'ARTE EDIZIONE VERDE 5ED - VOLUME 1 (LDM) - DALLA PREISTORIA A GIOTTO,STORIA DELL'ARTE,37.30,ZANICHELLI EDITORE,,
9788808811158,DISEGNO E RAPPRESENTAZIONE 4ED. - EBOOK MULT. VOL. U (ONLINE E OFFLINE),DISEGNO,25.20,ZANICHELLI EDITORE,,
9788884961389,TRAINING4LIFE,SCIENZE MOTORIE E SPORTIVE,21.50,CLIO,,
9788805077212,VITA DAVANTI A NOI (LA) - CON NULLA OSTA CEI,RELIGIONE CATTOLICA/ATTIVITA' ALTERNATIVA,19.90,SEI,,
9788826824512,TUTTI I SOGNI DEL MONDO - POESIA E TEATRO,LINGUA E LETTERATURA ITALIANA,21.50,ATLAS,,
9788842673972,PROMESSI SPOSI (I) + LIBRO DIGITALE - EDIZIONE 2017,LINGUA E LETTERATURA ITALIANA,30.10,IL CAPITELLO,,
9788869106972,LE PAROLE SONO IDEE. EDIZIONE VERDE - GRAMMATICA - LESSICO - SCRITTURA,LINGUA E LETTERATURA ITALIANA,29.40,B.MONDADORI,,
9788838329241,LATINA ARBOR LIBRO MISTO CON LIBRO DIGITALE - ESERCIZI 2 CON HUB YOUNG E HUB KIT,LINGUA LATINA,28.10,SANSONI PER LA SCUOLA,,
9781009091176,BOTH SIDES B2-B2+ SB+EBOOK+WB+EBOOK+TEST&TRAIN - LEVEL 3,LINGUA INGLESE,33.80,CAMBRIDGE UNIVERSITY PRESS,,
9788808712370,EIRENE - VOLUME 2 (LDM) - DA AUGUSTO ALL'ANNO MILLE,STORIA E GEOGRAFIA,29.90,ZANICHELLI EDITORE,,
9781108339186,CAMBRIDGE IGCSE GEOGRAPHY NEW COURSEBOOK WITH CD-ROM,GEOGRAFIA,41.10,CAMBRIDGE UNIVERSITY PRESS,,
9788808808820,MATEMATICA MULTIMEDIALE.BLU 3ED. - VOL. 2 (LDM),MATEMATICA,41.90,ZANICHELLI EDITORE,,
9788893794442,WALKER SECONDA EDIZIONE - CORSO DI FISICA - BIENNIO LS (IL),FISICA,35.10,LINX,,
9781108936767,CAMBRIDGE IGCSE BIOLOGY 4 ED. - COURSEBOOK DIGITAL ACCESS,"SCIENZE NATURALI (BIOLOGIA, CHIMICA, SCIENZE DELLA TERRA)",47.30,CAMBRIDGE UNIVERSITY PRESS,,
9788808399885,NUOVO INVITO ALLA BIOLOGIA.BLU (IL) 3ED - DALLE CELLULE AGLI ORGANISMI (LDM),"SCIENZE NATURALI (BIOLOGIA, CHIMICA, SCIENZE DELLA TERRA)",29.90,ZANICHELLI EDITORE,,
9788839302151,IN MOVIMENTO - VOLUME UNICO,SCIENZE MOTORIE E SPORTIVE,24.70,MARIETTI SCUOLA,,
9788824763189,CON METODO - VOLUME + SCRITTURA + VADEMECUM,LINGUA E LETTERATURA ITALIANA,38.50,A. MONDADORI SCUOLA,,
9788826819921,CAFFE' LETTERARIO (IL) - EPICA,LINGUA E LETTERATURA ITALIANA,14.50,ATLAS,,
9788826819938,CAFFE' LETTERARIO (IL) - ROMANZO E RACCONTO,LINGUA E LETTERATURA ITALIANA,24.90,ATLAS,,
9788891530219,VERBA MANENT 1 - LIBRO MISTO CON HUB LIBRO YOUNG - ESERCIZI 1+REP LESSICALI+HUB LIBRO YOUNG+HUB KIT,LINGUA LATINA,23.40,SANSONI PER LA SCUOLA,,
9780194130318,NEW IDENTITY A2-B1: SB/WB W/DIG PK,LINGUA INGLESE,30.00,OXFORD UNIVERSITY PRESS,,
9788808599780,GRAMMAR IN PROGRESS 4TH EDITION - VOL. U (LDM),LINGUA INGLESE,34.30,ZANICHELLI EDITORE,,
9788828624370,GRAMMATICA PICTA - GRAMMATICA - 2°ED,LINGUA LATINA,17.20,EINAUDI SCUOLA,,
9788828624455,GRAMMATICA PICTA - LEZIONI 2 + CESARE PUIBBLICO E PRIVATO - 2°ED,LINGUA LATINA,26.80,EINAUDI SCUOLA,,
9781009091169,BOTH SIDES B2-B2+ SB+EBOOK+TEST&TRAIN - LEVEL 3,LINGUA INGLESE,24.40,CAMBRIDGE UNIVERSITY PRESS,,
9781107614796,CAMBRIDGE IGCSE BIOLOGY 3RD EDITION - COURSEBOOK WITH CD-ROM,LINGUA INGLESE,39.30,CAMBRIDGE UNIVERSITY PRESS,,
9788830205604,EPOCHE E SPAZI - LIBRO MISTO CON LIBRO DIGITALE - VOLUME 2,STORIA E GEOGRAFIA,31.90,LA NUOVA ITALIA EDITRICE,,
9788893798280,IL CAMPBELL - SECONDA EDIZIONE - CORSO DI BIOLOGIA - PRIMO BIENNIO CON SINTES,"SCIENZE NATURALI (BIOLOGIA, CHIMICA, SCIENZE DELLA TERRA)",28.00,LINX,,
9788839303301,PIÙ MOVIMENTO SLIM + EBOOK,SCIENZE MOTORIE E SPORTIVE,17.10,MARIETTI SCUOLA,,
9788808968562,CHIMICA: CONCETTI E MODELLI 3ED. (LDM) - DALLA STRUTTURA ATOMICA ALLE SOLUZIONI,CHIMICA,23.30,ZANICHELLI EDITORE,,
9788800360913,DIVINA COMMEDIA - INFERNO,LINGUA E LETTERATURA ITALIANA,24.90,LE MONNIER,,
9788839536303,CLASSICI NOSTRI CONTEMPORANEI 1 EDIZIONE NUOVO ESAME DI STATO (I),LINGUA E LETTERATURA ITALIANA,33.60,PARAVIA,,
9788839536310,CLASSICI NOSTRI CONTEMPORANEI 2 EDIZIONE NUOVO ESAME DI STATO (I),LINGUA E LETTERATURA ITALIANA,30.40,PARAVIA,,
9788839524973,DULCE RIDENTEM 1,LINGUA LATINA,36.10,PARAVIA,,
9788808220240,PERFORMER SHAPING IDEAS - VOL. 1 (LDM) - FROM THE ORIGINS TO THE ROMANTIC AGE,LINGUA INGLESE,27.20,ZANICHELLI EDITORE,,
9788857726748,STORIA E STORIOGRAFIA 1+ATLANTE,STORIA,23.51,D'ANNA,,
9788808299727,MATEMATICA.BLU 2.0 4ED. - VOLUME 3 (LDM),MATEMATICA,36.60,ZANICHELLI EDITORE,,
9788808999399,AMALDI.BLU (L') - VOLUME 1 (LDM) - MECCANICA E TERMODINAMICA,FISICA,37.40,ZANICHELLI EDITORE,,
9788808423962,SCIENZE DELLA TERRA 2ED. (LE) - VOL. SECONDO BIENNIO (LDM) - MINERALI E ROCCE - VULCANI - TERREMOTI,"SCIENZE NATURALI (BIOLOGIA, CHIMICA, SCIENZE DELLA TERRA)",19.70,ZANICHELLI EDITORE,,
9788808608031,"NUOVO INVITO ALLA BIOLOGIA.BLU (IL) 3ED. (LDM) - BIOLOGIA MOLECOLARE, GENETICA, EVOLUZIONE","SCIENZE NATURALI (BIOLOGIA, CHIMICA, SCIENZE DELLA TERRA)",24.20,ZANICHELLI EDITORE,,
9788808652775,ITINERARIO NELL'ARTE EDIZIONE VERDE 5ED - VOLUME 2 (LDM) - DAL GOTICO INTERNAZIONALE ALL'ETÀ BAROCCA,STORIA DELL'ARTE,38.80,ZANICHELLI EDITORE,,
9788899673666,GRAMMAR TRACKS PLUS 1 - A1/A2 BEGINNER TO ELEMENTARY,LINGUA INGLESE,9.00,TRINITY WHITEBRIDGE,,
9788830205598,EPOCHE E SPAZI - LIBRO MISTO CON LIBRO DIGITALE - VOLUME 1,STORIA E GEOGRAFIA,29.80,LA NUOVA ITALIA EDITRICE,,
9788808504388,MATEMATICA MULTIMEDIALE.BLU 3ED. - VOL. 1 (LDM),MATEMATICA,41.40,ZANICHELLI EDITORE,,
9788858357910,GEOMETRIA INTORNO A NOI (LA) VOLUME A - CORSO DI DISEGNO GEOMETRICO,DISEGNO,17.80,LOESCHER EDITORE,,
9788839304353,INSIEME SULLA MADRE TERRA + EBOOK - VOLUME + EBOOK,RELIGIONE CATTOLICA/ATTIVITA' ALTERNATIVA,18.35,MARIETTI SCUOLA,,
9788808015372,COMMEDIA. INFERNO,LINGUA E LETTERATURA ITALIANA,26.40,ZANICHELLI EDITORE,,
9788839536334,CLASSICI NOSTRI CONTEMPORANEI 4 EDIZIONE NUOVO ESAME DI STATO (I),LINGUA E LETTERATURA ITALIANA,26.40,PARAVIA,,
9788828619031,CIVITAS      M B  + CONT DIGIT - VOLUME 1,LINGUA LATINA,24.60,EINAUDI SCUOLA,,
9788891526595,VERBA MANENT - LIBRO MISTO CON HUB LIBRO YOUNG - GRAM+HUB LIBRO YOUNG+HUB KIT,LINGUA LATINA,18.60,SANSONI PER LA SCUOLA,,
9788891526625,VERBA MANENT 2 - LIBRO MISTO CON HUB LIBRO YOUNG - ESERCIZI 2+HUB LIBRO YOUNG+HUB KIT,LINGUA LATINA,26.30,SANSONI PER LA SCUOLA,,
9788869105418,SPAZIO PUBBLICO 1 - DAL MEDIOEVO ALLA NASCITA DEL MONDO MODERNO,STORIA,33.90,B.MONDADORI,,
9788839525437,MERAVIGLIA DELLE IDEE 1 EDIZIONE CON CLIL,FILOSOFIA,39.40,PARAVIA,,
9788805257829,VITA DAVANTI A NOI (LA) - CON NULLA OSTA CEI - E-BOOK INTERATTIVO,RELIGIONE CATTOLICA/ATTIVITA' ALTERNATIVA,14.00,SEI,,
9788839524539,CON-FILOSOFARE 2,FILOSOFIA,54.80,PARAVIA,,
9788808599216,NUOVA EDUCAZIONE CIVICA (LA) 2ED. - VOLUME UNICO (LD),EDUCAZIONE CIVICA,12.80,ZANICHELLI EDITORE,,
9788800360937,DIVINA COMMEDIA - PARADISO,LINGUA E LETTERATURA ITALIANA,24.90,LE MONNIER,,
9788839526496,CLASSICI NOSTRI CONTEMPORANEI 5.1 GIACOMO LEOPARDI,LINGUA E LETTERATURA ITALIANA,8.60,PARAVIA,,
9788839536365,CLASSICI NOSTRI CONTEMPORANEI 6 EDIZIONE NUOVO ESAME DI STATO (I),LINGUA E LETTERATURA ITALIANA,36.30,PARAVIA,,
9788828619000,CIVITAS - VOLUME 3,LINGUA LATINA,38.30,EINAUDI SCUOLA,,
9788891526649,VERBA MANENT 2 - HUB LIBRO YOUNG - ESERCIZI 2+HUB KIT,LINGUA LATINA,17.90,SANSONI PER LA SCUOLA,,
9788808589804,PERFORMER SHAPING IDEAS - EBOOK MULTIMEDIALE VOL. 2 - FROM THE VICTORIAN AGE TO THE PRESENT AGE (VERSIONE BOOKTAB),LINGUA INGLESE,23.70,ZANICHELLI EDITORE,,
9788857734866,STORIA E STORIOGRAFIA 2ED. PLUS VOL. 3 - 3A. DALLA BELLE ÉPOQUE ALLA SECONDA GUERRA MONDIALE + 3B. DALLA GUERRA FREDD,STORIA,34.22,D'ANNA,,
9788808873620,MATEMATICA BLU 2.0 3ED. - VOL. 5 (LDM),MATEMATICA,41.60,ZANICHELLI EDITORE,,
9788808914057,"NUOVO AMALDI PER I LICEI SCIENTIFICI.BLU (IL) 3ED. - VOL. 3 (LDM) - INDUZIONE E ONDE ELETTROMAGNETICHE, RELATIVITÀ E QUANTI",FISICA,36.40,ZANICHELLI EDITORE,,
9788808699541,"INVITO ALLE SCIENZE NATURALI - ORGANICA, BIOCHIMICA, BIOTECNOLOGIE (LDM)","SCIENZE NATURALI (BIOLOGIA, CHIMICA, SCIENZE DELLA TERRA)",34.20,ZANICHELLI EDITORE,,
9788808933959,SCIENZE DELLA TERRA 2ED. (LE) - VOL. QUINTO ANNO (LDM) - TETTONICA DELLE PLACCHE - INTERAZIONI TRA GEOSFERE,"SCIENZE NATURALI (BIOLOGIA, CHIMICA, SCIENZE DELLA TERRA)",12.60,ZANICHELLI EDITORE,,
9788808739377,ITINERARIO NELL'ARTE EDIZIONE VERDE 5ED - VOLUME 3 (LDM) - DALL'ETÀ DEI LUMI AI GIORNI NOSTRI,STORIA DELL'ARTE,45.70,ZANICHELLI EDITORE,,
9788839520241,MERAVIGLIA DELLE IDEE 3,FILOSOFIA,46.40,PARAVIA,,
9788839303912,EDUCARE AL MOVIMENTO SLIM-VOL.ALLEN.SALUTE E BEN.SLIM+EB+ VOL.SPORT IN PDF,SCIENZE MOTORIE E SPORTIVE,17.10,MARIETTI SCUOLA,,
9788808290090,CHIMICA: CONCETTI E MODELLI 3ED. (LDM) - DALLA MATERIA ALL'ATOMO,CHIMICA,20.20,ZANICHELLI EDITORE,,
9788826823034,CIRCOLO DEI LETTORI (IL) - NARRATIVA + RACCONTI PER IL PIACERE DI LEGGERE,LINGUA E LETTERATURA ITALIANA,26.90,ATLAS,,
9788808703286,CHIMICA: CONCETTI E MODELLI 3ED. (LDM) - DALLA STECHIOMETRIA ALL'ELETTROCHIMICA,CHIMICA,23.40,ZANICHELLI EDITORE,,
9788800360920,DIVINA COMMEDIA - PURGATORIO,LINGUA E LETTERATURA ITALIANA,24.90,LE MONNIER,,
9788839536327,CLASSICI NOSTRI CONTEMPORANEI 3 EDIZIONE NUOVO ESAME DI STATO (I),LINGUA E LETTERATURA ITALIANA,30.40,PARAVIA,,
9788839525123,DULCE RIDENTEM 2,LINGUA LATINA,23.70,PARAVIA,,
9788883395628,AMAZING MINDS NEW GENERATION 1 - FROM THE ORIGINS TO THE ROMANTIC AGE,LINGUA INGLESE,33.30,PEARSON LONGMAN,,
9788857791579,STORIA E STORIOGRAFIA 2,STORIA,34.50,D'ANNA,,
9788808340757,MATEMATICA BLU 2.0 3ED. - VOL. 4 (LDM),MATEMATICA,38.70,ZANICHELLI EDITORE,,
9788808566683,"NUOVO AMALDI PER I LICEI SCIENTIFICI.BLU 3ED. (IL) - VOL. 2 (LDM) - ONDE, CAMPO ELETTRICO E MAGNETICO",FISICA,37.20,ZANICHELLI EDITORE,,
9788808813596,NUOVO INVITO ALLA BIOLOGIA.BLU (IL) 3ED. (LDM) - CORPO UMANO,"SCIENZE NATURALI (BIOLOGIA, CHIMICA, SCIENZE DELLA TERRA)",34.60,ZANICHELLI EDITORE,,
9788839520197,MERAVIGLIA DELLE IDEE 2,FILOSOFIA,45.80,PARAVIA,,
9788808345035,"DISEGNO E RAPPRESENTAZIONE 3ED. - VOLUME UNICO (LDM) - DISEGNO GEOM. SISTEMI RAPPR. PROSP. E OMBRE. OSSERVAZIONE, RAPPR. E PROGETTO",DISEGNO,30.50,ZANICHELLI EDITORE,,
9788805070237,"TUTTI I COLORI DELLA VITA - EDIZIONE BLU - IN ALLEGATO FASCICOLO CIOTTI, NON LASCIAMOCI RUBARE IL FUTURO",RELIGIONE CATTOLICA/ATTIVITA' ALTERNATIVA,22.70,SEI,,
9788839564184,HOSPITES 2 - L'ETÃ DI AUGUSTO,LINGUA LATINA,25.90,PARAVIA,,
9788881049820,STORIA E STORIOGRAFIA PLUS 2 - 2A. DALL'ANCIEN RÉGIME AL 1848 + 2B. DAL RISORGIMENTO ALLE SOGLIE DEL NOVECE,STORIA,36.00,D'ANNA,,
9788826823065,CIRCOLO DEI LETTORI (IL) - EPICA,LINGUA E LETTERATURA ITALIANA,14.20,ATLAS,,
9788828626312,"CURA DELLE PAROLE (LA) - VOLUME A  MORFOLOGIA, SINTASSI, LESSICO",LINGUA E LETTERATURA ITALIANA,29.50,EINAUDI SCUOLA,,
9788828625032,ITINERARIA - VOLUME 1 - DALLA PREISTORIA A GIULIO CESARE + EDUCAZIONE CIVICA,STORIA E GEOGRAFIA,32.20,EINAUDI SCUOLA,,
9788808920577,"NUOVO AMALDI PER I LICEI SCIENTIFICI.BLU (IL) - VOL. PRIMO BIENNIO (LDM) - LE MISURE, L'EQUILIBRIO, IL MOTO, IL CALORE, LA LUCE",FISICA,34.40,ZANICHELLI EDITORE,,
9788808720580,SCIENZE DELLA TERRA 2ED. (LE) - VOL. PRIMO BIENNIO (LDM) - ASTRONOMIA - SISTEMA TERRA,"SCIENZE NATURALI (BIOLOGIA, CHIMICA, SCIENZE DELLA TERRA)",20.70,ZANICHELLI EDITORE,,
9788826823072,CIRCOLO DEI LETTORI (IL) - POESIA E TEATRO,LINGUA E LETTERATURA ITALIANA,22.50,ATLAS,,
9788828626237,"CURA DELLE PAROLE (LA) - VOLUME A  MORFOLOGIA, SINTASSI, LESSICO + VOLUME B  SCRITTURA",LINGUA E LETTERATURA ITALIANA,32.70,EINAUDI SCUOLA,,
9788842675938,PROMESSI SPOSI (I) - EDIZIONE 2017 LIBRO DIGITALE,LINGUA E LETTERATURA ITALIANA,18.80,IL CAPITELLO,,
9788895611464,FAMILIA ROMANA - PARS I  EDIZIONE MISTA - LINGUA LATINA PER SE ILLUSTRATA,LINGUA LATINA,21.90,ACCADEMIA VIVARIUM NOVUM EDIZ.,,
9788895611600,EXERCITIA LATINA I - LINGUA LATINA PER SE ILLVSTRATA,LINGUA LATINA,9.60,ACCADEMIA VIVARIUM NOVUM EDIZ.,,
9780194130516,NEW IDENTITY B1-B1+: SB/WB+EB W/DIG PK,LINGUA INGLESE,30.00,OXFORD UNIVERSITY PRESS,,
9788828625094,ITINERARIA - VOLUME 2 - DA AUGUSTO ALL'ANNO MILLE,STORIA E GEOGRAFIA,31.70,EINAUDI SCUOLA,,
9788824763196,CON METODO - VOLUME + VADEMECUM,LINGUA E LETTERATURA ITALIANA,31.20,A. MONDADORI SCUOLA,,
9788826819914,CAFFE' LETTERARIO (IL) - POESIA,LINGUA E LETTERATURA ITALIANA,23.80,ATLAS,,
9788891526564,VERBA MANENT 1 - LIBRO MISTO CON HUB LIBRO YOUNG - ESERCIZI 1+PER TRADURRE+REP LESSICALI+HUB LIBRO YOUNG+HUB KIT,LINGUA LATINA,30.40,SANSONI PER LA SCUOLA,,
9788808414663,GRAMMAR IN PROGRESS UPDATED 3RD EDITION - EBOOK MULTIMEDIALE VOL. U CONCISE - VERSIONE BOOKTAB,LINGUA INGLESE,20.70,ZANICHELLI EDITORE,,
9788899673673,GRAMMAR TRACKS PLUS 2 - B2,LINGUA INGLESE,11.00,TRINITY WHITEBRIDGE,,
9788808399915,DISEGNO E RAPPRESENTAZIONE 4ED. - VOLUME UNICO (LDM),DISEGNO,34.60,ZANICHELLI EDITORE,,
9780008493097,Cambridge IGCSE English as a Second language Student's book,SUSSIDIARIO DEI LINGUAGGI,ND,COLLINS - COBUILD,,
9788828626725,HIC EST. LETTERATURA E CIVILTA' DI ROMA ANTICA - VOLUME 1 L'ETà ARCAICA E REPUBBLICANA,LINGUA LATINA,33.20,EINAUDI SCUOLA,,
9788808317537,STORIA. PROGETTARE IL FUTURO 2ED. (LA) - CONF. 1 + ATLANTE GEOSTORIA  (LDM) - DALL'ANNO MILLE AL SEICENTO,STORIA,33.30,ZANICHELLI EDITORE,,
9788808955494,"NUOVA BIOLOGIA.BLU 2ED. (LA) - EBOOK MULTIMEDIALE - GENETICA, DNA, EVOLUZIONE, BIOTECH S  - VERSIONE BOOKTAB","SCIENZE NATURALI (BIOLOGIA, CHIMICA, SCIENZE DELLA TERRA)",16.50,ZANICHELLI EDITORE,,
9788839566775,AVVENTURA DEL PENSIERO 1 (L') - 1A DALLE ORIGINI AD ARISTOTELE1B DALLELLENISMO ALLA SCOLASTICA,FILOSOFIA,39.70,PARAVIA,,
9788842676768,PROMESSI SPOSI (I) ED 2022,LINGUA E LETTERATURA ITALIANA,30.80,IL CAPITELLO,,
9788828625100,ITINERARIA      M B  + CONT DIGIT - VOLUME 2 - DA AUGUSTO ALL'ANNO MILLE,STORIA E GEOGRAFIA,24.08,EINAUDI SCUOLA,,
9788839302816,PIÙ MOVIMENTO - DISCIPLINE SPORTIVE - VOLUME + EBOOK - VOLUME UNICO PRIMO BIENNIO PER LICEI SPORTIVI,DISCIPLINE SPORTIVE,11.15,MARIETTI SCUOLA,,
9788828616405,CIVITAS - VOLUME 1,LINGUA LATINA,35.70,EINAUDI SCUOLA,,
9788839536860,CLASSICI NOSTRI CONTEMPORANEI 2 ED. NUOVO ESAME DI STATO (MODALITÀ DIG (I),LINGUA E LETTERATURA ITALIANA,19.60,PARAVIA,,
9788839564146,HOSPITES 1 - DALLE ORIGINI ALL'ETÃ DI CESARE,LINGUA LATINA,31.90,PARAVIA,,
9788800228602,DIVINA COMMEDIA      M.B. + CONT.DIGIT. - INFERNO,LINGUA E LETTERATURA ITALIANA,16.91,LE MONNIER,,
9788839527882,I CLASSICI NOSTRI CONTEMPORANEI EDIZIONE IN QUATTRO VOLUMI 2 EDIZIONE MYLAB (,LINGUA E LETTERATURA ITALIANA,33.10,PARAVIA,,
9788839536853,CLASSICI NOSTRI CONTEMPORANEI 1 ED. NUOVO ESAME DI STATO (MODALITÀ DIG (I),LINGUA E LETTERATURA ITALIANA,21.60,PARAVIA,,
9788861619111,LIFELINES 1,LINGUA INGLESE,32.50,LANG EDIZIONI,,
9788808820167,STORIA. PROGETTARE IL FUTURO 2ED. (LA) - CONFEZIONE VOL. 1 + GEOSTORIA (LDM) - DALL'ANNO MILLE AL SEICENTO + EDUCAZIONE CIVICA,STORIA,37.30,ZANICHELLI EDITORE,,
9788808294449,COMMEDIA. PURGATORIO MULTIMEDIALE CON CD AUDIO (LMM) - PURGATORIO MULTIMEDIALE CON CD AUDIO,LINGUA E LETTERATURA ITALIANA,16.80,ZANICHELLI EDITORE,,
9788839539038,VIVERE LA FILOSOFIA 2 (MODALITà DIGITALE C),FILOSOFIA,29.10,PARAVIA,,
9788808411891,LIMPIDA MERAVIGLIA  - POESIA E TEATRO CON LETTERATURA DELLE ORIGINI (LDM),LINGUA E LETTERATURA ITALIANA,26.10,ZANICHELLI EDITORE,,
9788822198013,DAL TEMPO ALLA STORIA LIBRO MISTO CON LIBRO DIGITALE - VOLUME 2,STORIA,38.50,LA NUOVA ITALIA EDITRICE,,
9788808329011,NUOVA BIOLOGIA.BLU 2ED. (LA) - EBOOK MULTIMEDIALE - ANATOMIA E FISIOLOGIA DEI VIVENTI S - VERSIONE BOOKTAB,"SCIENZE NATURALI (BIOLOGIA, CHIMICA, SCIENZE DELLA TERRA)",29.00,ZANICHELLI EDITORE,,
9788839528049,CON-FILOSOFARE 2 EDIZIONE CON CLIL,FILOSOFIA,56.10,PARAVIA,,
9788857726755,STORIA E STORIOGRAFIA 2,STORIA,25.12,D'ANNA,,
9788828623564,PROMESSI SPOSI (I) - VOLUME UNICO,LINGUA E LETTERATURA ITALIANA,30.70,EINAUDI SCUOLA,,
9788828625377,GRAMMATICA PICTA - VOLUME UNICO - EDIZ. LINGUISTICI 2° ED,LINGUA LATINA,31.80,EINAUDI SCUOLA,,
9788808023650,COMMEDIA. PURGATORIO,LINGUA E LETTERATURA ITALIANA,26.40,ZANICHELLI EDITORE,,
9788839522979,CLASSICI NOSTRI CONTEMPORANEI 2,LINGUA E LETTERATURA ITALIANA,28.40,PARAVIA,,
9788839525581,CLASSICI NOSTRI CONTEMPORANEI 4,LINGUA E LETTERATURA ITALIANA,26.60,PARAVIA,,
9788839536341,CLASSICI NOSTRI CONTEMPORANEI 5.1 EDIZIONE NUOVO ESAME DI STATO (I),LINGUA E LETTERATURA ITALIANA,8.60,PARAVIA,,
9788839536358,CLASSICI NOSTRI CONTEMPORANEI 5.2 EDIZIONE NUOVO ESAME DI STATO (I),LINGUA E LETTERATURA ITALIANA,36.10,PARAVIA,,
9788869105425,SPAZIO PUBBLICO 2 - DALL'ANTICO REGIME ALLA SOCIETA' DI MASSA,STORIA,33.90,B.MONDADORI,,
9788808634177,ITINERARIO NELL'ARTE EDIZIONE VERDE 5ED - VOLUME 2 (LDM) - DAL GOTICO INTERNAZIONALE ALL'ETÀ BAROCCA - CON MUSEO DIGITALE,STORIA DELL'ARTE,41.90,ZANICHELLI EDITORE,,
9788839538819,VIVERE LA FILOSOFIA 2,FILOSOFIA,40.30,PARAVIA,,
9788839536914,CLASSICI NOSTRI CONTEMPORANEI 6 EDIZIONE NUOVO ESAME DI STATO (MODALITÀ DIG,LINGUA E LETTERATURA ITALIANA,23.30,PARAVIA,,
9788839532312,COLORES 3 - DALLA PRIMA ETA' IMPERIALE AI REGNI ROMANO-BARBARICI,LINGUA LATINA,33.80,PARAVIA,,
9788883394393,AMAZING MINDS 2 (MODALITà DIGITALE C),LINGUA INGLESE,21.40,PEARSON LONGMAN,,
9788857717241,STORIA E STORIOGRAFIA PLUS 3 - 3A. DALLA BELLE ÉPOQUE ALLA SECONDA GUERRA MONDIALE + 3B. DALLA GUERRA FREDD,STORIA,36.91,D'ANNA,,
9788808791825,NUOVO AMALDI PER I LICEI SCIENTIFICI.BLU (IL) 3ED. - EBOOK MULTIMEDIALE 3 - VERSIONE BOOKTAB,FISICA,26.50,ZANICHELLI EDITORE,,
9788808610928,SCIENZE DELLA TERRA 2ED. (LE) - EBOOK MULTIMEDIALE VOL. QUINTO ANNO - VERSIONE BOOKTAB,"SCIENZE NATURALI (BIOLOGIA, CHIMICA, SCIENZE DELLA TERRA)",9.10,ZANICHELLI EDITORE,,
9788808720160,"CARBONIO, GLI ENZIMI, IL DNA 2ED. (IL). ORGANICA, BIOCHIM. BIOTECN. (LDM) - CHIMICA ORGANICA, BIOCHIMICA, BIOTECNOLOGIE","SCIENZE NATURALI (BIOLOGIA, CHIMICA, SCIENZE DELLA TERRA)",34.50,ZANICHELLI EDITORE,,
9788805221042,"TUTTI I COLORI DELLA VITA - ED BLU + FASC CIOTTI, NON LASCIAMOCI RUBARE FUTU - E-BOOK IN PDF",RELIGIONE CATTOLICA/ATTIVITA' ALTERNATIVA,13.50,SEI,,
9788826820415,CHIMICA. MODELLI E REATTIVITA' - TOMO B - DAGLI ELETTRONI NELL'ATOMO ALL'ELETTROCHIMICA,CHIMICA,23.90,ATLAS,,
9788839528742,I NODI DEL PENSIERO 2 - DALL'UMANESIMO A HEGEL,FILOSOFIA,41.10,PARAVIA,,
9788839528735,I NODI DEL PENSIERO 1 - DALLE ORIGINI ALLA SCOLASTICA,FILOSOFIA,32.90,PARAVIA,,
9788839535306,IL TUO SGUARDO DOMANI A CON CORSO DI SCRITTURA,LINGUA E LETTERATURA ITALIANA,27.40,PARAVIA,,
9788839535337,IL TUO SGUARDO DOMANI ANTOLOGIA DI MITO ED EPICA,LINGUA E LETTERATURA ITALIANA,13.90,PARAVIA,,
9788869102943,ITALIANO PLURALE (MODALITA' DIGITALE C),LINGUA E LETTERATURA ITALIANA,19.30,B.MONDADORI,,
9788828624417,GRAMMATICA PICTA - LEZIONI 1 - 2°ED,LINGUA LATINA,26.30,EINAUDI SCUOLA,,
9781009090094,BOTH SIDES LEVEL B1/B1+ STUDENT'S BOOK/WORKBOOK COMBO WITH EBOOK,LINGUA INGLESE,33.00,CAMBRIDGE UNIVERSITY PRESS,,
9788839535320,IL TUO SGUARDO DOMANI B CON PERCORSO LE ORIGINI DELLE LETTERATURA,LINGUA E LETTERATURA ITALIANA,24.50,PARAVIA,,
9788839535344,IL TUO SGUARDO DOMANI ANTOLOGIA DEI PROMESSI SPOSI,LINGUA E LETTERATURA ITALIANA,11.80,PARAVIA,,
9788869102967,ITALIANO PLURALE - EDIZIONE MYLAB (MODALITA' DIGITALE C),LINGUA E LETTERATURA ITALIANA,21.40,B.MONDADORI,,
9781316637692,CAMBRIDGE IGCSE BIOLOGY 3ED - PAPERBACK+CDROM ELEVATE,LINGUA INGLESE,53.10,CAMBRIDGE UNIVERSITY PRESS,,
9788857717227,STORIA E STORIOGRAFIA PLUS 1 - 1A. DALL'ANNO MILLE ALLA CRISI DEL TRECENTO + 1B. DALLA NASCITA DELLO STATO,STORIA,28.32,D'ANNA,,
9788893798235,CAMPBELL - SECONDA EDIZIONE - CORSO DI BIOLOGIA -SECONDO BIENNIO- BIOLOG (IL),"SCIENZE NATURALI (BIOLOGIA, CHIMICA, SCIENZE DELLA TERRA)",19.50,LINX,,
9788808819185,ITINERARIO NELL'ARTE VERDE 5ED. - EBOOK MULTIM. VOL. 2 (ONLINE E OFFLINE),STORIA DELL'ARTE,28.20,ZANICHELLI EDITORE,,
9788808716941,CHIMICA: CONCETTI E MODELLI 2ED. (LDM) - DALLA STECHIOMETRIA ALL'ELETTROCHIMICA,CHIMICA,22.70,ZANICHELLI EDITORE,,
9788857717234,STORIA E STORIOGRAFIA PLUS 2 - 2A. DALL'ANCIEN RÉGIME AL 1848 + 2B. DAL RISORGIMENTO ALLE SOGLIE DEL NOVECE,STORIA,26.21,D'ANNA,,
9788839522986,CLASSICI NOSTRI CONTEMPORANEI 5.2,LINGUA E LETTERATURA ITALIANA,36.40,PARAVIA,,
9788869105845,SPAZIO PUBBLICO 2  CON CLIL - DAL MEDIOEVO ALLA NASCITA DEL MONDO MODERNO,STORIA,35.90,B.MONDADORI,,
9788839525451,MERAVIGLIA DELLE IDEE 2 EDIZIONE CON CLIL,FILOSOFIA,48.40,PARAVIA,,
9788893798242,CAMPBELL - SECONDA EDIZIONE - CORSO DI BIOLOGIA - SECONDO BIENNIO- CORPO (IL),"SCIENZE NATURALI (BIOLOGIA, CHIMICA, SCIENZE DELLA TERRA)",24.90,LINX,,
9788826823713,DISEGNO - TEORIA E REALTA' VOLUME UNICO + LABORATORIO,DISEGNO,30.90,ATLAS,,
9788839525147,DULCE RIDENTEM 3,LINGUA LATINA,33.70,PARAVIA,,
9788808949493,PERFORMER SHAPING IDEAS - VOL. 2 (LDM) - FROM THE VICTORIAN AGE TO THE PRESENT AGE,LINGUA INGLESE,32.80,ZANICHELLI EDITORE,,
9788822198242,"DAL TEMPO ALLA STORIA LIBRO DIGITALE - VOLUME 3, GUIDA AL NUOVO ESAME DI STATO",STORIA,29.40,LA NUOVA ITALIA EDITRICE,,
9788808602657,GLOBO TERRESTRE E LA SUA EVOLUZIONE.BLU (IL) 3ED. EBOOK M. (ONLINE E OFFLINE) - VULCANI E TERREMOTI - TETTONICA DELLE PLACCHE - INTERAZIONI FRA GEOSFERE,"SCIENZE NATURALI (BIOLOGIA, CHIMICA, SCIENZE DELLA TERRA)",17.30,ZANICHELLI EDITORE,,
9788826825205,CHIMICA - ORGANICA BIOCHIMICA BIOTECNOLOGIE ED. 2025,"SCIENZE NATURALI (BIOLOGIA, CHIMICA, SCIENZE DELLA TERRA)",19.00,ATLAS,,
9788839528018,CON-FILOSOFARE 3 (MODALITà DIGITALE C) - DA SCHOPENHAUER AGLI SVILUPPI PIù RECENTI,FILOSOFIA,35.50,PARAVIA,,
9788839305503,PIÙ MOVIMENTO SLIM - EBOOK,SCIENZE MOTORIE E SPORTIVE,13.46,MARIETTI SCUOLA,,
9788839536891,CLASSICI NOSTRI CONTEMPORANEI 5.1 ED. NUOVO ESAME DI STATO (MODALITÀ D (I),LINGUA E LETTERATURA ITALIANA,5.60,PARAVIA,,
9788839536907,CLASSICI NOSTRI CONTEMPORANEI 5.2 ED. NUOVO ESAME DI STATO (MODALITÀ D (I),LINGUA E LETTERATURA ITALIANA,23.20,PARAVIA,,
9788839564207,HOSPITES 3 - DALLA PRIMA ETà IMPERIALE AI REGNI ROMANO-BARBARICI,LINGUA LATINA,33.10,PARAVIA,,
9788857790428,STORIA E STORIOGRAFIA VOLUME 3 - 3A DALLA BELLE ÉPOQUE ALLA SECONDA GUERRA MONDIALE + 3B DALLA GUERRA FREDDA,STORIA,45.50,D'ANNA,,
9788839527981,DULCE RIDENTEM 3 (MODALITà DIGITALE C) - DALLA PRIMA ETà IMPERIALE AI REGNI ROMANO-BARBARICI,LINGUA LATINA,21.90,PARAVIA,,
9788808578723,MATEMATICA BLU 2.0 3ED. - EBOOK MULTIMEDIALE CON TUTOR - VOL. 5 - VERSIONE BOOKTAB,MATEMATICA,32.50,ZANICHELLI EDITORE,,
9788808921840,"CARBONIO, GLI ENZIMI, IL DNA 2ED. (IL). CON SCIENZE TERRA - EBOOK MULTIM. - BIOCHIMICA, BIOTECNOLOGIE E SCIENZE TERRA CON EL. CHIM. ORGANICA (BOOKTAB)","SCIENZE NATURALI (BIOLOGIA, CHIMICA, SCIENZE DELLA TERRA)",25.10,ZANICHELLI EDITORE,,
9788808716873,ITINERARIO NELL'ARTE EDIZIONE VERDE 5ED - EBOOK MULTIMEDIALE 3 (BOOKTAB) - DALL'ETÀ DEI LUMI AI GIORNI NOSTRI,STORIA DELL'ARTE,33.30,ZANICHELLI EDITORE,,
9788839524324,COLORES 3 - EDIZIONE DIGITALE,LINGUA LATINA,33.80,PARAVIA,,
9788808530288,"CARBONIO, GLI ENZIMI, IL DNA 2ED. (IL). CON  SCIENZE TERRA (LDM) - BIOCHIMICA, BIOTECNOLOGIE E SCIENZE TERRA CON EL. CHIM. ORGANICA","SCIENZE NATURALI (BIOLOGIA, CHIMICA, SCIENZE DELLA TERRA)",34.70,ZANICHELLI EDITORE,,
9788808649232,ITINERARIO NELL'ARTE EDIZIONE VERDE 5ED - EBOOK MULTIMEDIALE 3 (BOOKTAB) - DALL'ETÀ DEI LUMI AI GIORNI NOSTRI - CON MUSEO DIGITALE VOLUME,STORIA DELL'ARTE,35.70,ZANICHELLI EDITORE,,
9788839524768,LA MERAVIGLIA DELLE IDEE 3 (MODALITà DIGITALE C) - CORSO DI STORIA DELLA FILOSOFIA PER IL SECONDO BIENNIO E IL QUINTO ANNO. LA,FILOSOFIA,30.40,PARAVIA,,
9788869105432,SPAZIO PUBBLICO 3 - IL NOVECENTO E IL MONDO CONTEMPORANEO,STORIA,34.60,B.MONDADORI,,
9788839528759,I NODI DEL PENSIERO 3 - DA SCHOPENHAUER AGLI SVILUPPI PIù RECENTI,FILOSOFIA,42.30,PARAVIA,,
9788858342800,DIVINA COMMEDIA (LA) - TERZA EDIZIONE VERSIONE INTEGRALE,LINGUA E LETTERATURA ITALIANA,32.90,LOESCHER EDITORE,,
9788828618997,CIVITAS - VOLUME 2,LINGUA LATINA,29.30,EINAUDI SCUOLA,,
9788839535290,IL TUO SGUARDO DOMANI A,LINGUA E LETTERATURA ITALIANA,24.20,PARAVIA,,
9788891526663,VERBA MANENT 1 - HUB LIBRO YOUNG - ESERCIZI 1+REP LESSICALI+HUB KIT,LINGUA LATINA,15.80,SANSONI PER LA SCUOLA,,
9788830215979,EPOCHE E SPAZI - LIBRO MISTO CON LIBRO DIGITALE - VOLUME 1,STORIA E GEOGRAFIA,29.80,LA NUOVA ITALIA EDITRICE,,
9788838329234,"LATINA ARBOR LIBRO MISTO CON LIBRO DIGITALE - ESERCIZI 1, REPERTORI LESSICALI CON HUB YOUNG E HUB KIT",LINGUA LATINA,28.40,SANSONI PER LA SCUOLA,,
9788869102936,ITALIANO PLURALE,LINGUA E LETTERATURA ITALIANA,29.50,B.MONDADORI,,
9788800228565,DIVINA COMMEDIA - INFERNO,LINGUA E LETTERATURA ITALIANA,22.20,LE MONNIER,,
9788839520081,MERAVIGLIA DELLE IDEE 1,FILOSOFIA,36.60,PARAVIA,,
9788826824468,TUTTI I SOGNI DEL MONDO - NARRATIVA + RACCONTI INTEGRALI + EBOOK DEI PROMESSI SPOSI,LINGUA E LETTERATURA ITALIANA,26.90,ATLAS,,
9788826824482,TUTTI I SOGNI DEL MONDO - EPICA,LINGUA E LETTERATURA ITALIANA,14.70,ATLAS,,
9791221600711,RAMO D'ORO 1 (IL),STORIA E GEOGRAFIA,32.40,B.MONDADORI,,
9788839527646,CLASSICI NOSTRI CONTEMPORANEI 6 EDIZIONE MYLAB (MODALITA' DIGITALE C),LINGUA E LETTERATURA ITALIANA,25.50,PARAVIA,,
9788808194527,COMMEDIA. PARADISO MULTIMEDIALE CON CD AUDIO (LMM LIBRO MISTO MULTIMEDIALE) - PARADISO MULTIMEDIALE CON CD AUDIO,LINGUA E LETTERATURA ITALIANA,17.10,ZANICHELLI EDITORE,,
9788883395635,AMAZING MINDS NEW GENERATION 2 - FROM THE VICTORIAN AGE TO THE NEW MILLENNIUM,LINGUA INGLESE,33.30,PEARSON LONGMAN,,
9788881049837,STORIA E STORIOGRAFIA PLUS 3 - 3A. DALLA BELLE éPOQUE ALLA SECONDA GUERRA MONDIALE + 3B. DALLA GUERRA FREDD,STORIA,50.70,D'ANNA,,
9788808455659,NELLA MENTE E NEL CUORE - CONFEZIONE NARRATIVA + STRUMENTI SCRITTURA (LDM),LINGUA E LETTERATURA ITALIANA,28.50,ZANICHELLI EDITORE,,
9788808902047,LIMPIDA MERAVIGLIA  - EPICA (LDM),LINGUA E LETTERATURA ITALIANA,17.20,ZANICHELLI EDITORE,,
9788828627906,GRAMMATICA PICTA - LEZIONI 1,LINGUA LATINA,25.80,EINAUDI SCUOLA,,
9788828624318,GRAMMATICA PICTA - GRAMMATICA + LEZIONI 1,LINGUA LATINA,38.30,EINAUDI SCUOLA,,
9780194130332,NEW IDENTITY A2-B1: STUDENT DIGITAL PACK,LINGUA INGLESE,25.80,OXFORD UNIVERSITY PRESS,,
9788828625049,ITINERARIA      M B  + CONT DIGIT - VOLUME 1 - DALLA PREISTORIA A GIULIO CESARE + EDUCAZIONE CIVICA,STORIA E GEOGRAFIA,24.94,EINAUDI SCUOLA,,
9788842671657,PROMESSI SPOSI (I) - NUOVA EDIZIONE LIBRO DIGITALE,LINGUA E LETTERATURA ITALIANA,17.82,IL CAPITELLO,,
9788826820408,CHIMICA. MODELLI E REATTIVITA' - TOMO A - DALLA MATERIA ALLA CHIMICA NUCLEARE,CHIMICA,18.30,ATLAS,,
9788868895143,ITALIANO DI OGGI (L') VOL. A+B+C - GRAMMATICA PER IL BIENNIO DELLE SUPERIORI,LINGUA E LETTERATURA ITALIANA,47.00,PALUMBO,,
